followers,post_type,caption_length,hashtags_count,hour_posted,is_weekend,sponsorship,likes,comments
123458,image,290,10,13,0,0,26604,1290
56386,carousel,141,2,16,0,1,13927,930
389968,image,119,7,8,1,0,45995,2508
264413,image,313,1,6,1,1,33578,2008
423409,image,272,11,22,0,0,49600,2476
348122,video,189,15,21,0,1,50819,3365
131481,image,194,13,17,0,1,22379,1080
33051,video,150,4,12,0,0,9358,707
474754,reel,293,3,19,1,1,87270,3375
209124,reel,72,1,20,1,0,50067,1562
50055,image,283,14,8,1,0,14708,590
486783,video,69,7,9,1,1,53560,3157
209761,reel,73,9,9,1,0,37853,1686
440474,image,237,11,7,1,1,46278,1958
100799,image,289,14,21,0,1,25558,813
41897,video,234,11,13,0,1,11426,862
25800,reel,72,7,18,0,0,13559,572
314858,reel,320,0,12,0,1,44498,1722
457308,image,155,7,16,0,0,46835,2662
165731,carousel,182,2,6,0,0,31935,2154
136133,carousel,250,9,14,1,0,30168,1319
272036,image,347,11,7,0,1,35828,1931
391122,reel,81,7,10,0,1,52317,2780
458051,reel,233,10,8,0,0,80387,3903
376896,video,150,0,10,1,0,46116,3048
401626,reel,302,8,20,0,1,72103,2467
123909,video,198,14,12,0,1,16623,1946
186840,carousel,115,3,10,0,0,29648,2074
450760,image,162,10,9,0,1,48752,2376
476450,carousel,206,2,7,1,0,65836,3126
437273,image,153,11,17,1,1,43178,2831
443641,video,147,9,12,1,0,39770,3173
162652,image,302,13,18,0,0,32446,1402
452769,reel,156,13,10,0,0,74496,2858
15045,reel,191,7,20,0,1,7982,404
62587,reel,115,7,14,1,0,25813,918
314649,image,71,11,12,1,0,44508,1895
418380,carousel,120,0,22,0,0,63341,4027
226781,image,149,11,10,1,0,32122,1660
319324,image,145,1,17,1,1,42361,1666
158881,reel,266,3,16,1,0,39173,1831
407404,image,274,5,10,1,1,51166,2529
460449,image,259,15,6,0,1,56703,2512
87702,carousel,345,15,8,1,1,25305,1381
319894,carousel,166,3,12,1,0,47989,3787
86396,video,147,6,23,1,0,24931,1124
134374,carousel,170,14,15,0,0,28998,1517
310487,reel,163,9,21,0,1,51873,2672
472087,image,21,0,21,1,1,45167,2502
284576,image,56,15,14,0,0,33113,1848
175214,carousel,323,15,8,1,1,42195,1908
384529,image,139,0,16,0,1,36409,2824
269183,reel,123,3,8,1,1,48657,2154
302004,video,118,8,23,1,1,39299,2615
120621,video,213,5,8,1,0,25165,1735
113796,video,180,3,6,1,0,23201,1492
481547,video,154,2,22,1,0,57223,3816
258187,image,41,13,11,1,0,30140,1199
206862,image,283,10,7,0,1,35526,1711
361532,image,303,14,6,0,1,42594,2435
173336,video,323,2,9,0,1,26152,1743
373260,video,36,11,19,0,1,45490,3628
179774,video,252,4,22,1,0,39654,1362
116794,image,118,11,6,1,0,31601,1442
143064,image,180,15,8,1,1,31845,1166
167156,carousel,242,5,8,1,1,34076,2050
38131,carousel,133,15,20,1,0,19370,654
299421,carousel,146,10,15,1,1,34948,3423
198892,reel,123,0,14,0,1,38993,1461
369154,reel,189,6,8,1,0,49445,3361
274291,video,32,11,12,0,1,34262,2327
333960,image,39,0,13,1,1,27821,1643
71531,reel,161,11,20,1,1,30328,1076
473373,carousel,307,6,22,1,1,80855,3647
391457,carousel,290,5,16,1,0,62459,3437
115132,carousel,283,4,17,1,0,21130,1874
481858,carousel,215,5,18,1,1,68537,3368
426809,image,66,2,13,1,1,34068,2349
95976,reel,143,9,22,1,0,36711,1213
212206,reel,111,9,10,1,0,47568,2378
269593,reel,298,14,14,1,0,44410,2618
379996,image,77,9,6,0,1,45028,2137
178747,image,145,5,21,0,1,29743,1547
189128,reel,291,12,12,1,0,52209,2123
18464,image,297,12,8,1,1,7878,316
68715,carousel,105,8,19,1,0,19448,1335
176650,reel,113,13,10,1,1,28105,1186
241333,image,58,3,6,1,1,25957,1267
497472,image,42,9,15,1,0,56284,2688
361023,image,309,3,15,1,0,52517,1979
364437,carousel,115,0,10,0,1,39498,3311
29163,reel,299,15,7,0,1,13321,654
354651,reel,179,10,17,1,0,63178,2832
429911,image,52,0,16,0,1,38792,2292
492572,reel,187,9,16,1,0,93223,3614
110440,carousel,31,14,19,1,0,27577,1406
356302,video,261,2,22,1,1,42773,2410
90168,image,109,13,7,0,0,22369,1286
284002,carousel,215,9,23,0,0,37801,2603
132984,carousel,236,4,9,1,0,29257,1735
20388,reel,211,2,22,0,1,12007,346
19455,image,115,7,10,1,0,7821,374
152722,carousel,32,6,8,0,1,22991,1379
375532,video,81,3,21,0,1,50718,2696
120680,carousel,206,2,22,1,1,34390,979
196504,carousel,252,2,17,0,0,35125,2079
60663,reel,225,14,20,1,0,28404,856
127520,carousel,118,11,9,0,0,27090,2175
199275,image,76,6,18,0,1,27738,1428
23189,video,242,9,10,0,0,9270,698
75960,video,254,10,23,0,1,14811,1263
180708,carousel,93,9,17,0,0,34168,2603
438977,video,26,13,18,1,1,47738,3567
195428,reel,302,9,7,0,0,41356,2247
318337,reel,155,15,18,0,1,64778,2326
239567,reel,164,14,12,0,0,56541,3001
354911,reel,311,5,17,1,0,76697,2898
120374,reel,221,9,12,1,0,35640,1267
87688,image,160,1,13,0,0,14276,1082
174916,reel,20,2,18,1,1,40307,1501
329684,carousel,210,11,22,0,1,54091,2915
215420,reel,136,5,17,0,1,33165,1543
417416,image,336,14,21,1,0,63241,2504
194214,reel,271,4,9,0,0,39327,1667
277487,reel,66,8,22,1,0,56483,2178
316282,video,20,4,8,1,0,33840,1747
157076,reel,31,9,21,1,1,30831,1750
389543,reel,175,4,13,1,1,58302,3015
325173,reel,155,9,23,1,1,50048,2510
497984,carousel,60,3,22,0,0,49883,3461
318928,carousel,231,12,21,0,0,57913,2896
166921,reel,54,12,11,1,0,49037,1979
50907,carousel,216,14,7,1,1,15798,794
321785,carousel,261,10,18,0,0,62866,3171
2515,video,308,5,6,1,1,1731,101
244426,video,196,10,22,0,0,37849,2620
281661,carousel,124,2,6,0,1,35118,2047
180498,video,25,11,22,0,0,32106,2203
142432,image,278,4,10,0,0,28603,1085
6309,image,102,0,19,0,1,3131,158
429532,video,70,12,18,1,1,59934,2882
202652,image,307,1,13,0,1,20320,1555
190589,reel,137,2,23,1,0,49841,1648
117265,video,255,4,22,1,0,30119,1205
414474,carousel,226,4,19,1,0,70213,3035
317326,reel,122,5,7,1,1,51693,1655
319037,reel,305,14,7,1,0,68143,2180
317057,carousel,49,6,15,0,0,42871,2907
249440,reel,304,3,15,1,0,52053,2474
219941,image,292,11,10,1,1,35678,1766
278032,carousel,224,13,16,0,1,43268,2382
46502,video,130,8,21,0,0,13617,1028
144209,image,27,3,13,1,1,20525,1270
173812,image,214,15,8,0,0,33697,1252
379003,video,80,9,10,1,1,31437,2709
366725,reel,336,5,11,0,0,62957,1992
368324,video,31,9,19,1,0,42989,2811
93365,carousel,320,10,14,1,0,24158,1433
286218,video,140,5,20,1,1,46453,2481
413978,video,67,12,22,1,1,51787,1949
211676,carousel,27,0,8,0,1,30736,1772
395018,video,146,7,19,1,1,45307,2649
75186,image,97,7,7,0,1,13361,777
268265,video,206,7,12,0,0,40582,2744
346482,reel,257,10,20,1,0,83711,3359
119533,video,313,2,20,1,0,26014,2072
433234,video,47,9,12,0,0,47684,3302
96962,image,105,9,17,0,0,18812,1037
136168,reel,231,8,9,1,0,38693,1658
83652,image,128,1,20,1,0,19262,641
27569,carousel,53,14,13,1,0,11940,506
24775,carousel,102,9,14,0,1,9875,650
479375,carousel,301,15,7,0,1,55846,3613
339734,reel,248,8,6,0,1,60998,2935
487152,image,217,5,21,1,1,59592,2511
188710,reel,337,13,14,0,0,45870,1964
419534,reel,50,7,10,1,1,45739,2205
432826,video,25,1,16,1,0,37561,3324
239713,image,137,0,11,0,1,21254,1346
236436,carousel,213,14,16,1,1,49588,2625
310158,image,192,11,10,1,1,42742,1643
305745,image,343,2,6,1,0,37478,2372
237159,reel,66,0,19,1,1,50371,1971
265472,image,158,14,9,0,0,42099,1576
48862,image,180,5,23,1,1,10670,659
83680,video,157,11,7,0,1,16643,925
259165,reel,103,0,10,0,0,33764,1681
249254,video,57,6,8,1,0,27481,2299
369932,reel,88,13,17,1,1,57335,2892
331088,image,156,1,17,0,0,35906,2536
249820,video,315,15,13,0,0,33201,2169
60096,reel,289,11,8,0,0,27183,995
413998,carousel,97,9,9,0,0,49421,3615
215557,reel,108,1,13,1,0,36088,2461
161859,reel,33,15,11,0,0,30330,1512
104474,carousel,162,0,22,0,0,28898,1583
440274,video,328,7,13,0,0,49188,3246
331150,video,217,5,8,0,0,39768,2391
288163,image,61,15,20,0,0,44737,2220
269052,carousel,250,10,9,0,1,40553,2921
361364,video,116,12,10,0,0,41111,2876
265980,reel,273,3,7,1,0,49378,2568
244822,reel,349,0,11,0,0,44705,2251
162058,carousel,247,12,20,0,1,33313,2342
66272,carousel,176,14,9,1,0,22357,1411
284253,reel,114,2,9,1,1,43098,1369
388358,reel,302,4,16,1,1,76014,2516
77825,reel,153,7,20,1,1,26657,1148
354118,image,237,12,13,1,1,44646,2026
18868,image,130,7,16,1,1,7541,341
300863,carousel,343,4,10,1,0,43614,2285
315973,image,111,14,14,1,0,47853,1949
176899,video,316,5,16,0,0,26319,1915
340233,image,120,4,19,1,1,42792,2836
381362,image,332,0,13,0,0,43633,2038
144266,image,328,8,15,1,0,23484,1246
497232,carousel,173,8,8,0,1,64086,4166
182260,reel,109,10,11,1,0,46906,1990
127661,video,36,15,16,0,1,16876,1096
129238,carousel,198,5,12,1,1,27221,1300
283600,video,180,0,16,1,1,32614,2573
142967,video,68,6,22,1,0,27395,1836
444556,image,167,5,13,0,0,51381,2635
208092,carousel,243,12,22,0,0,46724,2478
91897,carousel,163,7,23,0,1,20571,1320
301902,image,194,1,7,1,1,29418,2087
39500,video,133,13,11,0,0,11528,844
328799,reel,283,12,12,0,1,54841,2056
366821,carousel,181,11,6,0,0,66600,2914
107447,carousel,307,1,12,0,1,18140,1415
374548,carousel,266,2,13,1,0,65950,2689
479946,image,248,2,6,1,0,64048,3046
473827,reel,310,15,19,1,1,78034,3454
377097,reel,184,5,19,0,0,65212,2008
412043,video,26,9,12,0,0,38615,3247
455216,video,166,15,9,0,1,48805,2493
382509,image,21,0,20,0,1,46137,2516
218086,image,253,14,7,0,0,40769,1801
209490,reel,39,4,10,1,1,29952,1447
195769,carousel,245,4,17,0,1,26522,2026
259029,reel,299,0,15,1,1,48015,2302
69142,video,234,15,22,1,0,25215,1045
29356,video,33,8,13,1,0,8602,699
363252,carousel,220,5,16,1,1,46982,3469
319605,reel,48,12,7,0,0,50784,2140
345638,image,345,1,15,1,0,38565,2324
33153,reel,53,0,10,0,1,11762,589
129877,image,95,6,15,1,0,21141,1081
52726,video,332,14,11,0,1,15438,872
229095,video,256,8,12,1,0,33668,1863
406380,carousel,209,9,19,1,1,67012,3643
102871,reel,329,10,6,0,0,25532,1436
13055,image,301,12,16,1,0,7600,326
353243,carousel,183,0,12,1,0,48917,2625
379665,image,117,6,20,1,1,45020,2332
489329,image,88,7,6,1,1,44899,2700
207050,carousel,167,2,8,1,0,29865,2203
406828,reel,220,9,7,0,0,62752,3365
278692,video,315,0,6,0,0,36119,2825
207238,video,123,9,12,0,0,34095,2537
29645,carousel,248,11,17,0,1,11622,570
22081,video,31,2,10,1,0,6347,567
333270,reel,324,12,22,1,0,83032,2433
357650,reel,322,11,21,1,0,90126,2522
204003,video,168,0,10,1,1,30028,1546
321697,video,219,8,23,0,1,36921,2919
78954,video,78,9,14,0,1,13786,1009
422651,carousel,285,15,12,0,0,68626,3574
89333,video,105,9,12,1,0,20767,1593
141392,image,26,8,21,1,1,23177,1401
43286,video,234,12,23,0,1,10411,833
315215,carousel,122,0,19,0,1,41489,2674
123326,reel,127,11,18,1,0,46698,1147
490118,video,202,6,17,0,0,67583,4262
95571,image,23,12,18,1,0,21556,845
488939,carousel,127,13,7,0,0,76196,4435
447109,reel,53,13,18,0,1,62896,3257
443259,image,115,2,12,1,1,48094,1818
308728,video,337,4,17,0,1,42872,2226
86931,video,255,14,15,1,0,22722,1209
288218,image,84,13,22,0,0,43345,2628
35433,reel,177,1,9,1,1,15490,571
435316,video,212,4,19,0,0,69949,3337
399210,image,324,8,9,1,0,43538,2832
44501,image,312,12,10,0,1,13997,651
432289,reel,314,7,19,1,0,82180,3797
162329,carousel,245,8,12,1,1,27846,1733
449558,carousel,91,3,18,1,1,60722,3402
303686,video,245,8,14,0,1,36453,2249
188126,carousel,281,4,10,1,0,38182,2560
67762,video,196,8,8,1,1,16305,980
31948,video,80,10,15,0,1,10216,482
420141,carousel,81,0,8,1,0,64833,3882
325057,reel,288,7,20,0,0,63709,2489
104479,reel,117,10,14,1,0,27977,1378
45142,video,48,8,8,0,1,10772,649
289575,video,189,8,20,1,0,43997,2548
328416,reel,245,7,20,1,1,82992,2664
154326,video,195,9,23,1,0,29919,2118
389911,image,195,12,10,0,0,56802,2243
498253,reel,59,12,8,1,1,71041,2601
163133,reel,59,10,18,0,0,42278,1775
387809,reel,235,2,21,1,1,63356,2126
491542,carousel,78,15,14,0,0,50759,2810
184328,image,200,9,9,0,0,28798,1869
135041,reel,207,6,10,0,0,33741,1434
76053,reel,268,2,15,1,1,20560,1058
155462,carousel,177,6,23,1,1,32986,1958
443561,reel,96,12,17,0,1,46046,2751
219835,carousel,32,13,22,0,0,41294,2850
164538,video,207,15,18,0,1,34536,1622
203553,reel,93,8,7,0,1,38828,1525
231447,image,241,4,9,1,1,37953,2111
440255,video,261,3,22,1,1,68363,2761
327532,reel,212,5,23,1,1,62140,2559
432283,reel,194,12,17,1,0,69277,3093
350910,reel,26,12,16,0,1,40969,2013
33098,reel,98,15,16,1,0,15993,698
439285,image,245,12,9,0,0,42157,2100
401256,reel,58,14,16,1,1,65685,2410
455261,image,194,13,16,0,0,48767,2486
250156,reel,255,7,20,1,0,61399,2262
423318,image,103,5,10,0,0,48183,2532
139996,video,77,11,11,0,1,23662,1491
396696,carousel,182,15,22,0,1,55809,3426
27885,video,290,11,21,0,1,8823,513
285207,video,164,12,13,0,0,35906,1990
244873,video,69,3,12,0,0,33756,1987
84379,reel,200,7,8,1,1,25573,1206
264170,carousel,172,13,19,0,0,54229,2717
30041,reel,255,3,9,0,1,8088,467
329099,reel,338,5,7,1,1,62026,2481
255846,image,83,12,22,1,0,51767,1814
255725,image,339,1,19,0,0,34605,1612
370305,image,51,10,18,0,0,53359,2406
52695,carousel,121,8,13,0,1,14273,807
70798,carousel,107,8,22,1,0,18711,1026
446985,carousel,179,14,21,1,1,68750,3849
97847,image,167,0,15,1,1,15656,1279
325325,carousel,21,0,6,0,0,30613,2453
478585,image,96,3,12,1,1,43666,2445
155970,image,109,13,23,0,1,20086,1588
198213,reel,324,7,16,0,0,48327,1986
444502,carousel,28,5,14,0,0,51051,2737
158587,image,60,1,17,1,1,16624,1193
421005,image,337,3,20,0,0,49261,2829
159202,image,103,15,9,1,1,24273,901
83441,reel,22,14,14,1,1,15712,1059
38377,image,31,6,17,0,0,11691,554
342792,video,262,9,19,1,0,55931,2598
478563,video,240,6,17,1,1,56452,3255
369005,carousel,230,5,10,1,1,56652,3054
266564,reel,78,2,15,0,0,38461,2360
440216,reel,112,5,20,0,0,62754,3550
424743,image,324,13,10,1,1,51605,2277
289607,carousel,39,11,23,0,0,33313,2996
268347,video,124,3,7,1,1,31008,2451
45085,video,281,6,15,0,0,12688,708
177813,reel,265,12,17,0,0,40730,1621
493549,carousel,59,4,20,0,0,60662,3169
21475,image,119,15,15,1,1,7571,363
352041,image,21,6,10,0,1,33306,1690
389576,carousel,60,13,20,1,1,50356,2824
298690,reel,103,1,12,1,0,47724,2067
389462,video,47,1,8,0,0,44203,2241
146332,reel,183,12,20,0,0,39178,1599
184805,carousel,214,5,19,1,1,42000,2300
203832,image,285,11,14,0,0,30169,1995
246511,image,283,10,17,0,0,37763,1564
215067,video,303,8,16,0,0,41379,1450
466368,image,223,4,22,0,1,45169,2155
27655,reel,331,11,20,0,1,15527,570
133191,reel,270,12,23,1,1,38632,1302
199076,carousel,312,3,6,0,0,39074,1859
218785,video,264,10,10,0,0,42979,2438
327822,image,225,11,15,1,0,54019,2554
167629,video,235,10,16,1,1,27164,1795
46772,reel,325,12,12,0,1,16339,818
401354,image,197,6,17,1,1,47607,2188
40562,image,145,12,21,1,1,12336,542
477527,video,27,1,6,0,1,34204,2821
155768,reel,24,14,20,1,0,43714,1964
442130,reel,138,9,16,1,1,62333,3086
450125,video,164,9,13,0,1,43500,3040
374092,carousel,95,10,13,0,1,41565,3397
425375,image,308,0,21,1,0,59802,3610
437003,carousel,88,8,7,1,1,55146,2917
7204,image,180,8,21,0,0,5431,233
120016,carousel,96,14,14,0,1,25988,1694
377688,carousel,121,13,9,1,0,45448,3376
459681,reel,101,12,14,0,0,86276,3775
19272,image,148,7,12,0,0,6083,422
5226,image,84,11,12,0,0,3383,151
210286,video,335,12,6,0,1,31015,1646
357324,image,310,11,11,1,0,37608,2985
237886,carousel,129,13,15,1,1,42106,1832
341220,reel,22,4,13,1,1,58340,2556
241569,carousel,136,12,17,0,1,33402,2442
55051,image,312,14,17,1,0,14598,828
337414,reel,345,13,23,1,0,72122,3463
499590,image,40,6,16,0,1,39750,2443
60682,carousel,136,11,20,0,1,20137,958
141478,carousel,70,14,9,0,0,28561,1837
260017,carousel,294,1,19,0,1,43178,2577
270795,image,71,13,20,1,0,47783,2485
123499,video,125,3,23,1,0,19463,1541
176168,video,151,9,16,0,0,26670,1386
176711,reel,93,6,18,0,0,46980,1524
483738,carousel,331,0,15,0,1,45746,3487
121235,reel,55,3,9,1,0,30179,1038
322833,reel,191,7,18,1,0,65393,2641
471382,video,160,6,14,1,0,63192,3604
83429,reel,140,12,15,1,1,29993,1188
121003,image,68,9,10,1,1,18166,916
106611,video,38,3,12,1,0,14372,1019
329325,image,183,9,6,0,1,30468,2272
129056,carousel,194,0,8,1,1,22968,1668
489596,carousel,138,4,22,1,1,74486,3291
69888,reel,162,2,12,1,0,23103,974
59493,carousel,97,12,7,1,0,21679,1135
5858,video,104,1,8,1,1,2476,190
483416,reel,186,8,22,0,0,81792,3747
111347,video,207,13,9,1,1,23728,1015
77829,image,307,6,18,1,1,20046,664
374979,image,248,0,9,0,0,37981,2728
32867,video,89,8,12,1,0,10191,841
73740,carousel,335,1,10,1,0,18327,1344
136827,carousel,168,7,11,1,1,30441,1501
337438,video,319,12,8,1,1,52391,3042
399965,image,234,11,7,1,0,52061,2981
257853,reel,305,3,13,1,1,50592,1590
97173,image,55,4,18,0,0,17772,848
332554,reel,330,15,15,1,1,68387,2494
231508,carousel,74,15,17,0,1,30919,2514
152675,carousel,22,15,18,0,1,29962,1728
188494,image,123,5,10,1,1,24714,1806
195283,image,340,8,11,1,1,26499,1119
260003,carousel,250,15,6,0,1,39613,2292
12199,carousel,57,3,7,0,1,5438,246
410879,carousel,170,1,18,1,0,63760,3182
37085,reel,268,8,6,0,0,15253,631
39567,video,209,6,9,1,0,10745,630
91873,video,162,5,10,1,1,18447,1252
234983,video,258,0,15,1,1,33434,1815
88968,video,310,13,15,1,1,18364,1170
75361,video,86,15,12,1,1,14404,1023
468516,carousel,182,1,7,0,1,55178,2450
205481,carousel,295,1,15,0,1,32175,1881
338164,video,272,5,6,1,0,52765,2430
7401,image,340,13,21,1,1,4597,174
147288,image,44,12,7,1,0,24271,1627
238013,reel,44,14,9,0,1,34966,1946
483815,video,307,15,18,0,1,75680,3833
29679,video,165,12,11,1,0,13210,492
472582,video,273,1,10,0,1,51747,3169
360677,carousel,149,13,16,1,0,56264,3416
486778,carousel,75,14,14,0,0,78098,3869
46436,reel,118,4,14,1,1,15610,643
29641,reel,282,15,21,1,0,19870,593
99039,carousel,279,6,13,0,0,24269,1202
461634,image,327,12,9,1,1,54538,2540
250562,carousel,197,14,10,1,0,52139,2192
334873,video,275,12,8,0,0,51073,3103
290359,reel,33,6,10,0,1,45336,2203
332896,video,202,1,11,0,0,48746,2972
155749,video,333,7,12,0,0,27679,1744
61928,carousel,232,9,23,0,0,18512,966
17552,image,192,15,9,0,0,6621,350
448460,video,207,10,9,1,1,58514,3738
301131,reel,271,1,13,0,0,58686,2584
292024,image,61,4,15,0,0,29681,2124
54852,video,211,0,14,0,0,14203,855
197213,image,79,15,6,1,1,27438,1467
414997,carousel,251,4,16,0,1,50070,2452
423318,reel,233,7,22,0,0,87770,3470
8599,reel,192,2,10,1,1,5689,220
65436,video,106,4,13,0,1,14651,886
324564,carousel,106,10,6,0,0,49763,2921
386931,video,171,0,10,1,0,49363,2978
95939,carousel,333,14,19,1,0,33835,1401
202639,reel,230,6,16,1,0,33322,1886
239840,video,27,15,15,1,0,35496,2696
80315,carousel,239,0,13,1,1,17559,1391
129396,image,348,1,20,1,0,28838,1164
209932,image,311,13,9,1,0,37897,1491
454276,video,236,9,23,1,0,60348,2368
480383,video,159,10,13,1,1,52816,3500
231656,video,200,15,21,1,1,35743,2618
459095,reel,245,10,15,0,0,82702,2571
452995,image,202,8,13,0,1,32773,3080
319063,carousel,133,5,17,1,0,44397,2848
362633,image,132,7,8,1,1,39106,2447
121529,video,138,6,22,1,0,25014,1361
307594,video,37,4,18,1,0,43084,2507
17497,reel,321,7,19,0,0,10237,413
147143,image,243,10,16,0,1,28092,1394
24887,reel,304,12,23,1,0,11063,536
120746,carousel,302,1,20,0,0,30735,1613
22067,video,63,12,16,0,0,8095,497
68412,reel,203,2,12,1,0,18155,1238
273140,image,147,4,20,1,1,32832,1641
254613,reel,163,7,6,1,0,45810,2714
444382,carousel,123,2,15,1,0,50403,3431
69556,reel,29,4,19,0,0,21736,1047
158070,carousel,85,8,21,0,0,30388,2091
118735,image,105,9,17,0,1,19069,1242
379369,video,140,1,16,1,0,46557,3488
222394,video,89,7,10,1,1,31418,2141
11096,image,151,3,15,1,1,3389,267
116414,video,173,4,11,0,1,23706,1287
265667,reel,221,5,19,1,1,52200,1754
35348,reel,39,0,12,1,0,14858,473
489449,carousel,22,7,10,1,1,56660,2701
358930,image,273,7,7,1,1,52919,2134
408942,carousel,178,11,22,0,1,62626,3087
319150,reel,171,12,17,1,1,40769,2605
170433,carousel,136,14,9,1,0,34931,1977
59275,reel,192,3,22,0,0,18735,1021
428653,video,338,3,22,0,1,40942,2756
291030,image,322,10,18,0,0,51268,2355
439969,image,279,3,21,0,0,45601,3016
494753,reel,66,13,16,0,0,83466,3879
4971,carousel,344,8,15,1,0,4232,212
317864,image,126,0,18,1,0,45932,1775
222678,reel,70,4,15,0,1,38059,1896
334197,carousel,88,12,10,1,0,44460,4051
246309,reel,211,4,9,1,1,48867,1781
152287,reel,145,6,12,1,0,40339,1801
358492,image,299,8,9,1,0,45670,2449
408209,carousel,193,11,17,1,0,70528,4200
140282,reel,103,7,9,0,1,31757,1196
134003,image,125,13,12,0,0,29792,1570
21175,reel,289,7,15,1,1,9453,349
232890,video,125,8,18,1,1,37458,2013
43300,reel,320,3,16,1,1,14653,596
282325,carousel,40,3,23,0,0,40269,1948
230370,reel,89,14,20,1,1,42400,2215
402643,carousel,222,3,20,1,0,59431,3785
66928,carousel,173,11,19,0,0,21606,1312
413461,reel,40,1,10,0,0,53206,1897
429237,video,324,2,17,0,0,52441,3501
354180,image,180,1,9,0,1,33178,2362
410068,reel,346,5,6,0,1,56618,2792
99352,image,80,1,16,0,0,15907,1091
308273,video,196,0,7,1,1,36577,2958
210593,carousel,117,0,15,0,0,35497,1476
84957,reel,41,15,7,1,1,23638,1053
209515,video,144,6,17,1,0,30444,2111
222595,image,313,11,15,0,1,34703,1775
192206,video,338,0,12,0,1,27762,1660
207477,reel,87,13,20,1,1,52593,2019
97968,video,98,5,19,0,0,21393,1410
291268,image,187,9,22,0,1,31980,2194
83316,reel,267,13,8,1,1,26558,893
25148,video,61,3,8,1,0,9285,538
181135,reel,298,8,23,0,0,40570,1838
139424,video,326,10,17,1,1,27040,1320
124275,image,316,3,10,0,1,20343,1145
270354,reel,66,14,21,1,1,57399,1839
211629,reel,61,11,11,1,1,41375,1542
479458,video,278,10,23,0,1,51427,3231
401345,carousel,239,0,13,0,1,44301,2152
280715,video,126,4,9,1,1,40183,2803
450377,carousel,265,2,14,1,0,57370,4207
344329,carousel,35,0,18,0,0,40718,3077
316400,reel,177,12,7,1,1,51291,2147
395841,video,242,10,10,0,0,51296,2798
241468,image,215,8,7,1,1,30368,2013
221280,video,246,12,14,1,1,29080,1731
97165,image,153,2,17,0,0,16111,961
220061,carousel,232,7,7,1,0,42140,1926
264231,carousel,305,9,21,0,1,39093,2491
218323,video,237,13,6,0,0,40371,2604
19599,image,53,8,20,1,1,6150,319
35366,carousel,298,15,22,0,1,15534,711
412774,carousel,290,10,8,0,1,52069,3382
160088,video,291,1,7,0,1,26512,1262
143059,image,175,14,12,1,0,26671,1145
40047,reel,143,0,13,0,0,15593,679
223323,video,210,2,9,1,0,33752,2291
326922,reel,313,14,8,0,0,52248,2528
444816,reel,321,3,19,1,1,71990,2793
418668,carousel,58,8,8,1,0,56609,3734
189098,reel,229,2,6,1,0,43702,1395
286390,video,110,1,19,1,1,36533,2625
266303,reel,347,13,8,0,1,48201,2550
466394,video,103,0,13,1,1,47979,2672
464501,reel,121,6,21,0,0,95182,3233
16782,reel,294,8,18,0,1,13007,423
467482,image,92,10,20,1,1,52111,3130
256595,reel,336,3,13,0,1,43623,1788
444132,reel,339,0,19,0,0,87347,2908
143812,carousel,241,8,9,0,1,32511,1932
182711,carousel,283,1,14,0,1,29363,2217
318513,carousel,139,14,21,0,1,50337,2794
98636,video,177,11,8,0,1,18108,1392
423881,carousel,69,4,10,1,1,56970,2918
46400,carousel,191,0,14,0,0,10181,1017
47903,video,54,0,7,1,1,9439,671
484104,reel,95,13,20,0,0,77968,4372
290293,image,327,12,13,0,0,39205,1960
240641,image,295,8,9,0,0,37894,1823
438071,carousel,47,3,17,0,0,51616,3204
12593,video,213,7,7,0,0,6002,337
326468,reel,276,7,11,1,1,59203,2373
488621,image,80,11,11,1,0,60472,2580
42083,video,112,12,22,0,1,14407,705
75369,video,310,15,18,1,1,22181,973
203916,video,160,12,11,0,1,29063,2415
252236,reel,209,7,16,1,1,52893,2343
497717,reel,314,4,22,1,1,83218,2964
294981,reel,329,13,14,0,1,55421,1853
244736,carousel,324,8,22,1,0,60139,3262
37134,video,78,6,14,0,0,10869,559
23707,image,286,13,16,0,0,8352,473
316425,carousel,64,0,13,1,0,30733,2713
45863,image,91,7,18,1,0,14045,753
201419,reel,320,9,12,1,1,49128,1736
344992,image,27,8,19,0,1,39249,2408
168392,carousel,234,0,20,1,1,35795,1862
441453,reel,343,13,6,0,1,75183,3495
149549,reel,166,14,13,1,0,37761,1333
365756,reel,262,14,14,0,1,57449,2812
498074,carousel,304,8,15,1,0,63544,4101
142630,reel,285,13,23,0,1,29536,1593
65700,video,58,11,8,1,1,14912,634
323702,carousel,136,1,11,0,1,39415,2000
226105,image,315,1,22,0,1,27093,1506
95975,reel,254,0,18,0,1,29557,1149
432960,image,232,13,22,0,0,68586,1971
237940,carousel,298,7,11,1,0,42730,2418
474001,reel,126,1,9,0,0,68784,2774
485202,carousel,92,4,11,1,1,53266,2838
37527,video,307,2,8,1,1,10926,532
41258,video,60,14,13,0,1,9854,660
442491,video,332,5,9,1,0,53591,2943
241011,image,186,1,10,0,1,22948,1885
434048,carousel,75,0,6,0,1,42177,2769
204014,reel,176,9,23,1,0,46248,1658
121734,image,145,10,22,0,1,24600,1104
403483,video,344,7,7,1,1,55391,2964
93075,carousel,223,5,6,0,1,21198,806
7244,video,344,13,8,0,0,3622,326
222431,video,173,10,19,1,0,52227,1801
204699,video,253,2,23,1,0,42171,2374
384600,carousel,264,13,15,0,1,50158,2724
216664,carousel,56,9,10,0,0,40299,2193
155745,carousel,215,1,14,0,0,28848,1631
325160,image,78,14,22,0,1,41643,1245
238027,video,297,3,10,0,0,31930,1848
3852,video,181,12,8,1,1,2924,145
248699,reel,128,2,22,0,1,47236,2094
83802,image,40,11,16,0,1,17439,863
469966,image,111,14,8,0,0,51226,3063
459069,image,158,3,22,0,1,40327,2636
320813,image,123,5,10,0,0,37657,2326
151523,video,303,4,22,0,1,27638,1682
355665,image,166,14,7,0,1,50229,3003
265352,carousel,66,11,16,0,1,40555,1751
9184,reel,203,3,14,1,1,4830,222
312295,reel,89,0,21,1,1,53693,3033
450831,carousel,89,14,9,1,0,58656,4004
422780,carousel,235,6,20,0,0,62309,3348
145563,video,268,2,23,0,0,27491,1684
187792,video,238,1,20,0,0,33815,1737
184543,video,182,15,14,1,1,28350,1911
271660,carousel,244,15,13,0,0,48137,2286
181505,carousel,342,10,10,0,0,35144,2624
25545,video,208,14,21,1,1,12130,501
251377,video,233,10,8,1,1,36301,2104
154885,carousel,339,13,21,1,1,37861,2106
144516,image,171,2,20,0,0,31526,1208
385869,image,283,9,22,1,0,47166,2406
143458,image,86,0,9,0,0,19900,1574
258410,image,56,12,13,1,0,38344,1719
118423,carousel,147,8,6,1,0,21552,1710
339613,reel,210,7,14,1,1,54388,3233
263593,carousel,279,13,11,0,0,60406,2304
250915,image,278,13,18,0,1,39035,1325
219901,carousel,64,12,11,1,1,33832,1563
344451,video,164,6,7,1,1,47772,2334
238699,reel,207,1,7,1,0,42738,2342
458387,reel,130,14,7,0,0,69649,3774
69987,video,234,13,12,0,0,14186,1151
331548,video,252,13,18,0,0,54899,2481
113168,carousel,294,8,22,0,0,28531,1780
483323,carousel,93,9,9,1,1,59279,3447
26735,video,179,1,19,1,1,9088,586
148809,carousel,72,7,20,1,1,26231,1977
123034,video,279,12,13,1,1,18028,1234
488530,reel,309,1,7,0,0,69165,4145
270660,video,223,0,20,0,0,33014,2622
322252,reel,173,1,11,0,0,56933,3029
64051,video,325,7,14,1,0,19324,1315
82311,image,339,12,16,0,0,14610,942
203846,image,166,8,7,1,1,35005,1438
491583,image,326,12,22,1,1,51591,3090
181267,carousel,198,4,22,1,0,44175,2137
171701,carousel,335,10,15,0,0,31901,2061
349360,video,254,12,10,0,1,43359,2596
222535,video,30,0,9,0,0,30705,1931
339001,reel,220,4,17,0,1,47726,2330
309612,video,120,5,21,0,1,43801,1757
420315,image,60,2,20,1,1,50747,2049
107739,carousel,246,11,14,1,0,30719,1818
480708,reel,32,1,10,0,1,52772,3064
28154,reel,35,8,14,1,0,14049,522
120081,carousel,119,12,18,0,1,30140,1484
349540,image,235,7,12,1,1,37166,1628
156126,image,47,5,17,1,0,26770,1420
280567,video,329,5,6,1,0,43101,2522
242391,carousel,254,2,18,0,0,54414,2772
267857,reel,73,9,17,0,0,38274,1940
242725,image,65,12,10,1,1,38469,1268
38109,carousel,157,2,8,0,1,11301,895
232940,video,287,5,16,0,1,30380,2686
133973,reel,207,9,11,0,1,35846,1239
366162,image,175,15,20,0,1,52672,3001
209975,image,205,11,15,0,0,38561,1676
115897,video,252,1,10,1,0,25003,1316
415163,carousel,243,4,6,0,1,40124,2736
315599,reel,332,13,17,1,1,51238,2770
188240,image,154,3,20,0,0,21652,1662
380539,image,283,0,13,0,1,39893,2254
457238,image,151,7,8,0,0,44019,3437
3704,video,117,1,18,0,1,2657,144
237490,reel,237,3,13,0,0,47535,1775
144480,carousel,331,15,23,0,0,26708,2385
62715,video,47,5,14,0,0,14350,1079
178741,video,218,9,15,0,0,36154,2155
492334,carousel,286,12,13,1,1,66624,3367
448970,carousel,340,0,20,1,1,52744,3923
427699,carousel,207,8,20,0,0,69955,3366
252041,image,261,9,22,1,0,57631,2356
269583,video,267,5,6,1,1,35005,2400
439485,carousel,34,15,19,0,1,64051,3540
197377,video,81,5,23,1,1,28647,1883
44809,image,242,13,8,1,1,10425,516
461368,video,27,11,18,0,1,57816,2945
94844,image,228,15,16,0,1,18118,784
109542,carousel,175,11,11,0,1,22183,1355
276511,video,271,15,17,0,0,44101,2817
457780,reel,293,2,11,1,1,63517,2837
425589,video,279,11,7,0,0,54178,3751
277766,image,264,15,7,1,0,35339,2672
403427,video,160,9,13,1,1,45501,2743
273855,image,113,0,16,0,0,31314,1947
439958,video,103,7,23,1,0,48496,3984
160263,reel,156,4,15,1,0,33415,1770
140727,carousel,175,9,16,0,1,25924,1968
413317,carousel,271,7,7,0,1,49450,3225
207243,video,110,5,10,0,0,32797,2024
235320,video,160,12,15,1,0,47415,2188
42195,reel,266,10,7,0,0,14953,906
480379,video,108,12,12,0,0,44373,4533
10671,carousel,136,13,8,0,0,5276,331
127810,image,110,9,19,0,1,26279,1176
47240,carousel,135,12,23,1,0,14878,974
183885,image,276,9,18,1,1,37460,1105
230706,video,285,10,16,0,0,36531,2115
245088,reel,212,0,7,1,0,48473,2553
159108,video,240,3,10,1,0,29202,1629
397587,video,168,2,17,1,0,41909,2742
110446,video,128,11,12,0,0,17678,1341
196386,reel,173,7,10,0,1,35636,1297
396895,image,298,9,20,1,1,59266,2675
496200,reel,240,7,14,1,0,91280,4088
226891,video,122,13,19,0,0,44096,2329
164127,video,290,2,10,0,0,27940,1818
355146,carousel,299,10,13,0,0,48424,3212
279167,carousel,43,7,15,1,0,38671,2687
149245,carousel,200,7,18,0,0,35360,1934
255705,image,200,13,14,0,0,34725,2634
267476,image,207,5,11,0,0,43523,2461
240741,carousel,187,6,12,1,0,41199,2789
471832,carousel,231,2,20,1,1,59216,3434
112935,image,57,2,9,0,0,14673,1135
159136,reel,333,1,10,0,1,32414,1483
31606,image,225,8,21,0,0,12957,588
228689,image,247,6,21,1,1,36328,1600
30384,carousel,329,4,13,0,1,8556,602
373782,reel,306,9,15,1,0,52428,2529
425597,carousel,274,13,14,0,0,66515,2903
70587,carousel,29,5,22,1,1,16967,845
221071,image,130,8,10,1,0,33367,1254
261404,video,210,8,9,0,0,35274,2264
358746,carousel,107,1,13,0,1,42711,3418
390018,image,217,0,20,0,1,35273,1998
427650,carousel,145,8,22,1,0,68653,3919
67716,image,92,12,11,1,1,14435,1019
43791,reel,264,2,22,0,0,15916,647
27175,image,194,12,6,0,0,8072,612
338869,carousel,290,3,9,1,0,56942,2361
203054,reel,62,3,8,1,1,40991,1436
373013,carousel,308,13,7,0,0,56374,3694
474463,image,235,10,11,0,0,60197,3533
367235,video,212,4,21,1,1,48047,2911
243688,video,259,15,8,0,1,30781,2295
185387,carousel,62,9,9,1,0,30822,1886
93149,carousel,41,2,10,1,0,22067,1564
391070,image,133,15,23,1,1,53961,1686
410915,video,143,0,22,1,1,55264,3286
246800,video,302,11,22,1,0,43242,2603
143380,video,88,5,6,1,1,21566,1493
120139,image,38,5,10,0,1,17557,903
341433,image,66,6,9,0,0,37025,2551
309807,carousel,201,6,20,0,1,51530,2268
482994,video,147,5,23,0,1,44194,3084
251716,image,76,7,15,0,1,28453,1922
411617,reel,77,4,14,0,1,42803,2328
373685,video,238,0,17,0,0,30145,2477
61278,image,285,1,8,1,1,12993,540
466007,carousel,299,9,11,1,1,55467,4849
99218,video,314,10,20,1,1,24582,1675
214454,image,60,5,17,0,1,17517,1697
234430,carousel,341,13,7,1,0,49584,3111
391777,reel,226,10,15,0,0,78120,2546
254779,video,67,5,14,0,1,30463,2097
55830,carousel,277,12,9,0,0,19498,774
305781,reel,285,4,20,0,1,48131,2288
397710,carousel,67,4,9,1,1,43503,3372
251380,reel,303,0,22,0,1,34693,1601
473570,image,324,8,9,0,0,61341,3463
107621,video,92,12,19,1,1,31627,1046
419067,carousel,281,15,11,0,1,55382,2995
83789,carousel,302,5,23,0,1,18186,844
402390,video,146,8,20,0,1,42665,3116
332856,reel,92,10,22,0,0,61252,2447
92676,image,189,1,18,1,0,17842,763
223052,image,264,6,20,1,1,30898,1958
317962,reel,82,0,19,0,0,47181,2738
6539,image,309,7,16,0,1,3908,143
291230,image,337,9,6,0,1,36075,1620
407341,reel,113,15,15,1,1,72828,2185
454746,video,294,3,18,1,1,59005,3447
470878,carousel,340,6,19,1,0,70609,4052
485321,reel,228,8,11,0,0,71753,4033
476930,video,303,0,10,0,1,47820,2061
145427,image,206,4,7,0,1,25266,1288
399174,video,142,11,11,1,1,61756,2986
175999,carousel,133,11,16,0,0,34105,2108
179767,video,37,1,16,1,0,27347,2054
211624,carousel,279,5,12,0,0,40793,2096
30993,reel,107,3,20,0,0,15137,684
299486,image,261,8,6,1,1,32522,2437
277296,carousel,152,0,15,1,0,48907,2756
313037,carousel,128,14,8,1,0,50148,3092
129628,image,215,11,15,0,0,28354,1307
321264,carousel,80,14,18,0,1,43501,2281
397307,video,74,15,10,1,1,54119,2688
236997,image,196,9,12,1,0,42781,1875
24908,carousel,232,12,14,1,0,10764,635
61000,image,54,6,14,1,0,13835,689
263045,reel,106,0,17,0,1,35861,2152
279966,video,332,14,14,0,0,43739,1933
265344,carousel,106,12,19,1,0,47765,2375
186888,image,266,7,7,0,1,26566,1455
16455,carousel,37,13,6,1,0,6450,486
71769,carousel,254,15,15,0,1,21659,977
153685,video,157,14,9,1,0,31120,1686
441029,image,47,10,19,0,0,55851,2892
332810,video,265,14,20,1,1,49061,3083
56435,carousel,91,10,14,0,0,16386,1263
479641,carousel,38,2,15,1,0,47277,3184
235973,reel,160,5,6,1,0,50782,1662
144779,reel,258,12,21,0,0,45995,2072
71963,carousel,336,12,12,1,1,20428,951
246517,image,36,6,18,0,1,32775,1171
194316,carousel,26,9,22,0,0,35622,2068
1692,video,260,13,22,0,0,2004,103
124630,image,272,2,20,0,0,31679,1240
425414,carousel,301,11,21,0,1,54375,4123
237687,video,92,7,6,0,0,29113,2694
109617,video,137,8,12,1,0,27928,1333
399150,image,166,1,14,0,0,40915,2420
6494,carousel,158,4,19,1,0,5326,281
305859,video,165,2,21,1,1,35243,2429
496739,video,41,5,17,0,0,43236,3522
171331,carousel,311,14,22,0,1,36782,2099
442653,carousel,64,5,20,1,1,63495,3148
177848,reel,142,9,8,0,0,34850,2103
244881,image,225,15,13,0,0,35382,2226
290841,carousel,151,10,16,1,0,53669,2938
110662,video,115,10,16,1,1,24031,1481
174811,image,68,8,7,0,1,21622,1604
342186,carousel,67,8,9,1,0,58338,3401
411349,image,333,4,21,0,1,55769,3238
102658,reel,333,3,22,0,0,32747,1342
383662,reel,211,11,12,1,0,74320,2761
168282,image,239,5,22,1,0,31716,1696
281018,image,296,15,9,1,0,42535,2953
89296,image,81,9,17,1,0,16214,1040
381672,image,286,5,21,1,1,42836,2369
457238,reel,332,7,18,0,1,85861,3608
199737,image,241,11,15,1,0,36042,2009
234154,image,100,9,7,1,1,31839,1664
51022,image,298,1,22,1,1,12022,632
423169,carousel,258,2,11,0,1,56442,4140
286232,image,148,13,18,1,1,32526,1712
439664,video,129,12,9,0,1,47809,3405
130085,reel,226,3,11,1,1,30763,1388
443861,reel,223,0,13,0,0,73178,3488
237594,image,41,5,8,0,0,31862,2121
151831,image,139,13,23,1,1,26309,1275
129716,video,75,13,13,0,0,26734,1188
79778,reel,123,12,11,1,1,22046,1185
344803,image,201,12,11,1,0,45582,2613
488175,reel,159,10,15,0,0,76803,3079
24886,reel,182,14,20,1,0,13676,525
479464,carousel,310,3,16,0,0,59911,3035
202702,carousel,323,4,8,1,1,41070,2552
258938,image,133,0,9,1,0,33284,2112
360106,image,275,10,8,0,1,42725,2208
88224,video,144,9,9,0,0,21453,1010
71514,image,38,10,7,1,0,17684,1166
303494,video,172,3,21,0,0,42535,2744
351603,carousel,158,13,7,0,1,47676,2721
386208,carousel,210,10,10,0,0,66071,3051
168167,reel,69,3,22,1,1,30011,1508
484481,image,33,10,16,0,1,36375,2436
21110,video,74,5,23,1,0,8651,505
223623,video,152,6,14,0,0,31840,2047
20788,reel,201,9,6,1,0,11906,553
254687,video,212,14,13,1,1,36402,1674
404657,reel,261,14,22,0,1,68628,2865
219241,carousel,131,0,16,0,1,33917,2399
166659,image,137,3,11,0,1,22945,1407
397971,video,109,13,18,0,1,49131,3080
420096,reel,249,1,9,1,1,66797,2597
371750,reel,318,5,13,0,1,43855,2733
352693,image,228,15,21,1,1,57509,2762
416966,image,26,15,18,0,0,53593,3201
448915,carousel,174,4,14,0,0,61803,3843
175360,reel,253,0,20,0,0,40725,1857
409876,reel,283,14,19,1,1,79625,4158
391952,image,138,11,22,0,1,59404,2129
205061,carousel,30,1,23,0,1,28048,1866
118805,carousel,309,10,23,1,1,28777,1539
112997,carousel,71,14,10,1,0,30767,1776
320768,reel,145,8,13,1,1,49381,1622
169671,image,75,6,13,0,1,20482,1184
378523,image,112,13,15,0,1,41989,2300
410124,video,144,12,9,0,1,46561,2753
274993,reel,23,14,23,1,1,56642,2518
151386,image,297,1,16,1,1,24904,1416
405051,video,209,4,11,1,1,41269,2813
152155,video,257,7,8,1,1,28052,1716
212247,carousel,164,0,15,0,0,32726,2540
405061,carousel,200,7,7,0,1,60429,3287
132456,carousel,108,15,23,0,1,23173,1364
309635,video,125,14,20,0,0,52864,3037
88194,carousel,32,0,14,1,1,14347,1164
328373,carousel,238,4,23,0,1,37612,2153
212644,image,57,2,12,0,0,31701,1518
153099,reel,37,15,12,1,0,29122,1609
245435,reel,337,7,18,0,0,65289,2034
462284,video,248,5,18,0,1,55461,3176
3381,carousel,289,14,9,1,0,4148,190
309795,reel,300,12,11,0,1,73976,2745
384595,reel,239,4,8,1,0,71960,1871
424648,carousel,265,1,21,1,1,69942,3664
327553,reel,219,6,13,1,0,50760,2508
158377,image,51,2,15,0,1,20061,753
444566,video,95,0,10,1,1,36310,3503
152372,carousel,146,8,12,0,1,29600,2043
384863,reel,32,12,15,1,0,66395,2707
42735,reel,224,0,9,0,0,17372,664
100714,carousel,292,7,13,1,0,29743,1129
87624,video,298,13,13,1,0,20723,1221
471989,image,130,10,18,0,0,64494,3080
486348,carousel,175,8,21,0,1,76074,3855
209105,reel,229,14,22,1,0,63866,1947
488936,carousel,115,1,19,1,1,59078,3821
233704,reel,190,4,21,0,0,55900,2312
356739,carousel,135,14,14,1,1,53498,2092
496455,reel,72,6,6,0,1,68367,2751
168036,video,201,14,6,1,0,29887,1743
310566,reel,117,15,14,1,0,63751,2792
458343,video,256,13,13,1,0,67231,2269
148121,reel,287,0,16,1,1,36449,1862
17561,reel,158,6,16,0,0,9471,518
379836,carousel,240,4,13,0,1,41462,3434
497505,reel,121,4,18,1,0,97506,3964
334097,video,219,8,22,0,0,59492,2274
487014,image,324,4,7,0,1,48538,2878
429358,carousel,175,10,22,1,0,73982,3460
212627,video,47,1,11,0,0,30274,2229
385870,carousel,263,3,22,0,1,52004,3256
445973,image,288,3,22,0,1,53891,1926
39634,reel,207,13,8,1,1,14966,683
228499,carousel,303,0,15,1,1,34102,1792
427267,image,116,14,17,1,1,46677,2347
312491,video,156,14,21,1,1,46912,1709
4858,video,161,12,7,0,1,2613,188
94579,video,137,9,14,1,1,21601,1301
361883,carousel,29,2,8,1,0,47666,3009
219806,image,302,15,22,0,0,38939,2040
194471,image,124,4,17,1,0,31234,1683
269949,video,159,6,9,0,1,34337,2332
69266,image,148,5,7,1,0,13090,1179
287573,video,168,8,22,1,1,43543,1993
15280,carousel,313,12,20,1,1,8132,397
20809,image,321,8,10,1,0,8986,445
358726,carousel,131,11,20,0,1,48156,3447
157677,reel,168,11,8,1,1,35513,1382
207986,image,211,2,13,1,1,32687,1577
55092,video,199,0,13,0,0,13770,970
333848,video,211,4,18,0,0,58780,3166
393216,video,75,10,18,1,0,58774,3024
340640,carousel,92,10,21,1,0,48942,2305
408727,video,326,13,16,1,1,55206,2613
497959,video,109,12,13,0,1,37542,3499
359320,reel,239,9,14,0,0,74269,3158
295061,carousel,203,14,7,0,0,45793,3207
134159,carousel,95,0,13,0,0,21675,1711
413532,video,340,8,15,1,1,50011,3788
284528,image,228,5,11,0,0,41721,2456
457387,image,27,13,20,0,0,59130,2990
257489,video,109,12,22,1,0,53369,2352
251851,image,97,12,11,0,1,34572,1360
238569,video,258,7,20,1,0,53962,2329
386294,video,288,0,8,1,1,39355,2490
145841,reel,77,0,7,1,0,38399,1615
45536,image,39,5,11,0,1,6979,548
424141,carousel,165,3,22,0,1,64516,3655
60329,carousel,32,6,17,0,0,16260,952
13806,carousel,82,10,20,1,0,8640,427
90924,video,119,2,21,1,1,22352,1279
310643,carousel,336,12,22,0,0,70315,2982
444941,reel,84,2,9,0,1,49780,3390
180501,image,147,13,10,1,0,35486,1762
179673,reel,343,7,21,1,1,50869,1513
195225,image,303,15,18,1,0,41787,1339
112862,video,265,7,20,0,0,28036,1625
474788,image,64,1,13,0,1,43664,2068
59719,image,122,9,21,0,1,15470,544
338853,reel,249,1,23,0,0,59469,2373
487608,video,79,1,16,1,0,43826,2897
413810,carousel,141,12,19,1,1,65022,3696
266808,video,25,15,15,1,0,47305,2477
52099,reel,115,8,10,1,1,17308,744
69707,video,342,9,16,0,0,21642,920
172603,image,316,2,10,1,1,22667,1626
492499,reel,310,5,6,1,1,71161,3571
408907,image,266,10,18,0,1,57559,2351
56286,reel,335,11,19,0,1,24870,844
114252,reel,270,8,14,0,1,28275,1463
313902,image,144,14,10,0,1,37926,2227
309979,video,234,13,7,0,1,40261,1842
233291,reel,44,9,19,1,0,57988,1796
422857,carousel,333,13,14,0,1,66602,3569
340798,video,135,15,7,1,0,56008,3546
39846,image,30,4,18,0,0,12059,709
480428,carousel,83,1,17,0,1,49813,2980
158125,video,73,10,16,1,0,31731,1738
187598,carousel,37,2,21,1,0,34789,2582
80711,video,258,15,15,1,1,18322,1008
437032,image,265,1,20,0,1,48028,2907
295650,video,210,14,19,0,1,50159,3233
244055,reel,31,12,16,0,0,39425,2573
325336,reel,311,4,13,0,1,51412,1800
104619,reel,311,11,20,1,0,40318,1427
125305,carousel,170,15,19,1,0,39470,1502
105928,carousel,199,11,10,0,0,25936,1770
71018,image,247,14,19,1,0,25950,673
276392,image,125,4,10,0,0,31650,2036
393679,carousel,304,3,11,0,1,47911,2940
5469,reel,243,15,23,0,1,3494,149
21823,reel,49,12,7,0,0,9211,496
108825,reel,240,3,20,1,0,32666,1420
58562,reel,57,5,20,0,0,18338,663
215803,video,69,1,10,1,0,29490,1870
155737,reel,94,4,9,0,1,25110,1367
228605,reel,96,9,14,1,0,47946,2313
77410,image,87,2,15,1,0,14751,988
341630,reel,208,14,7,0,1,61359,2277
133733,reel,149,1,22,1,1,35071,1526
370155,carousel,321,6,16,1,0,69250,2750
104806,video,23,6,20,1,1,18739,977
430138,image,228,0,16,1,1,33307,1487
1820,reel,66,11,15,0,1,2216,82
228421,image,299,3,17,0,1,20021,1206
480678,carousel,315,1,16,0,0,52756,4394
303774,video,31,2,15,0,0,38687,2064
347793,reel,324,15,7,1,1,72054,1928
462329,carousel,103,5,15,1,1,52602,3896
243971,reel,244,12,14,1,1,49971,1644
446218,carousel,265,15,18,1,0,101123,3352
350127,image,261,10,14,1,1,45734,2404
443003,reel,108,1,17,1,0,50750,3509
22567,reel,220,9,7,1,1,11445,521
205314,image,79,1,6,0,1,17647,1422
50303,image,178,8,19,1,0,15035,783
305130,image,31,4,12,1,0,38679,1757
251237,reel,129,13,10,1,1,38490,2392
71017,carousel,181,15,17,1,1,20721,1161
138145,video,55,12,9,1,1,29250,1342
438362,video,236,15,6,0,1,57995,3772
456303,carousel,37,5,8,0,1,48619,2542
468296,carousel,142,15,10,1,0,67239,4044
193091,video,262,13,12,0,1,29463,2300
80033,carousel,106,13,12,1,1,18728,1114
345066,image,63,0,14,1,0,40357,2283
301063,video,117,4,18,0,1,28818,2849
24882,video,123,15,19,0,0,11643,611
133436,reel,264,14,8,0,1,40458,1259
374318,carousel,129,5,13,0,0,50890,3271
306942,carousel,152,8,11,0,0,49324,3873
42042,reel,297,1,18,0,1,17163,706
86198,reel,108,7,6,1,1,26086,1310
376114,reel,115,10,12,0,1,64268,2514
52019,reel,73,9,21,0,1,15315,832
314377,carousel,212,14,20,0,0,51692,4062
96413,reel,345,7,21,0,0,32634,1213
310878,video,207,2,10,0,1,38486,2363
271015,carousel,231,12,14,0,1,43360,2551
149198,carousel,294,5,18,0,0,40046,2151
237207,image,105,11,20,0,0,33752,2320
455985,image,62,2,13,1,1,39792,2174
435461,image,259,2,16,0,1,41369,2294
120420,image,39,7,21,0,0,20457,1298
71911,reel,226,14,19,0,1,23909,1023
47621,image,30,5,7,0,0,10063,761
437147,reel,249,0,15,1,0,59955,2510
443710,video,251,7,20,1,0,69108,3376
415462,image,336,3,17,1,1,42839,2901
294217,video,159,10,10,1,0,46299,2904
428083,reel,227,8,18,0,0,96757,2076
349777,reel,73,8,9,0,1,49629,2058
122636,image,26,13,16,1,1,15035,944
245188,video,234,12,23,1,0,42081,2392
360266,image,332,9,6,1,1,53754,1866
249641,video,54,13,22,0,1,37105,2093
19657,image,112,12,20,1,1,7945,360
377524,reel,125,10,20,0,1,61181,2454
197329,reel,263,9,11,1,0,48940,2071
188084,carousel,26,5,22,1,0,43771,1556
281220,reel,349,9,12,1,0,63195,2159
13069,image,249,10,6,0,1,6342,323
82320,image,207,1,9,0,1,15478,833
391046,carousel,237,3,6,0,1,42486,3793
374692,reel,208,2,13,0,1,55869,2385
144814,reel,311,1,16,0,1,31065,1563
257321,video,165,11,21,0,0,43911,2970
279766,video,206,14,9,0,0,44271,2040
447490,carousel,323,13,21,0,0,86050,4584
300127,image,49,13,16,1,1,43906,1763
73447,image,241,3,23,1,0,14630,963
30426,video,272,0,18,1,1,10708,613
270855,reel,219,7,10,1,0,47283,1924
140505,carousel,49,8,15,0,1,20885,1547
451264,video,31,5,12,0,1,39098,2846
313200,reel,266,12,6,0,1,68672,2424
438864,carousel,290,1,12,0,1,59000,3024
91885,reel,278,6,16,1,1,21465,1057
231297,image,205,0,17,0,0,24746,1902
229205,video,30,3,23,1,0,27871,2370
31293,video,112,7,7,1,0,11721,802
478817,image,44,6,21,0,1,60984,2602
334978,video,243,11,22,0,1,56482,1959
104328,image,169,15,10,0,0,21068,990
89093,reel,72,15,15,0,0,26016,1103
125269,carousel,290,6,20,0,0,28596,1694
456933,carousel,48,14,8,1,1,62443,3399
381002,video,313,12,8,1,1,55988,3061
153042,reel,141,3,20,1,0,45598,1912
129072,image,64,7,21,0,0,26693,1380
447435,image,28,11,19,0,0,58542,2104
477652,reel,346,14,12,1,1,86877,2699
414596,video,297,7,22,0,1,59576,2797
228828,image,285,10,21,1,1,43733,1304
446867,reel,325,11,22,1,1,72680,2725
191433,video,298,10,11,0,0,32770,1748
27526,video,44,1,18,0,1,9044,552
52471,carousel,165,10,20,0,1,19174,950
82363,reel,239,0,9,1,0,21857,1019
154045,image,342,9,13,1,1,28513,1341
105715,carousel,113,12,18,0,0,30809,1193
308847,video,137,1,20,1,1,46281,2755
218533,carousel,320,1,20,0,1,43964,2583
444362,carousel,133,14,16,0,0,48547,3997
403906,reel,328,9,19,1,1,87263,3229
81928,image,235,8,6,0,0,18598,822
307538,carousel,233,6,23,1,0,53093,2910
292023,image,206,0,22,0,1,31745,1705
7230,video,117,14,8,1,1,4682,211
440065,carousel,145,6,21,1,1,62611,3180
22423,carousel,192,13,13,1,0,12308,664
234962,reel,233,4,13,0,0,41217,2112
119748,carousel,84,5,16,0,0,22842,2226
133947,reel,177,12,16,1,0,35622,1591
119722,video,244,4,12,0,0,18232,1187
416008,reel,107,2,20,1,0,79590,2650
411781,reel,154,1,21,1,0,69529,2039
233569,carousel,156,4,18,0,0,45827,2897
331760,reel,109,7,21,0,0,57603,1974
471692,carousel,167,4,22,1,0,86128,3639
52637,carousel,44,9,23,0,1,10870,821
242470,reel,268,12,11,1,0,53827,1693
371238,video,161,1,13,0,0,31337,2354
396094,video,244,7,23,1,0,47972,2267
322895,reel,256,2,6,1,0,64780,2256
446344,image,145,10,7,0,1,44544,2517
93373,carousel,240,2,21,1,0,28127,1447
28964,reel,148,9,6,1,1,12723,493
156871,reel,53,8,18,1,0,41184,1459
466005,image,89,15,14,1,0,51930,2549
86018,image,306,9,15,1,0,18935,1141
24783,carousel,293,11,14,0,0,10787,504
2015,carousel,210,7,14,0,0,1707,128
335477,reel,228,15,20,0,0,73119,2787
271631,video,88,6,10,1,0,29380,3082
273517,reel,130,1,18,1,1,53028,2015
336968,reel,349,12,14,1,0,74371,3551
115659,video,210,13,14,1,0,29676,1056
323302,reel,118,4,15,0,1,47574,1887
251731,carousel,160,11,10,1,1,44610,1536
456147,reel,92,3,12,1,1,42642,3239
165139,image,79,6,12,1,1,24422,1341
408514,image,170,12,19,1,0,55659,3135
249504,reel,242,8,23,1,1,55797,2355
98962,reel,228,12,7,0,0,34146,1296
359509,carousel,239,9,11,0,1,64071,3201
45630,image,101,10,10,0,1,11009,487
224534,reel,337,15,14,1,0,45587,2166
251572,reel,54,6,19,0,0,59538,2437
495937,carousel,119,6,22,0,1,71612,3361
386634,carousel,251,2,13,1,1,44383,3187
492587,image,102,9,22,0,0,50734,3741
240040,reel,26,10,15,1,1,41181,2055
382324,video,25,7,23,0,1,46225,2551
196344,image,145,8,22,1,1,36023,1658
339750,carousel,45,14,7,1,0,58733,2577
14886,carousel,185,12,19,0,1,9425,409
116875,reel,40,5,12,1,0,24262,1513
244515,image,198,3,21,1,1,32464,1979
465430,reel,346,8,18,0,0,100576,3459
149146,reel,219,7,9,0,0,31738,1619
194398,video,265,12,13,0,0,42254,2230
52406,carousel,249,6,17,0,0,15888,1029
71974,image,317,4,6,1,0,19599,1157
203711,image,184,8,22,0,1,30612,1440
412512,carousel,67,15,8,1,0,64341,2902
236441,image,118,3,19,0,1,33088,2194
13016,video,336,14,22,1,1,5889,247
373839,carousel,170,1,23,1,1,56069,2925
250829,image,98,5,20,1,1,36719,1873
175826,reel,283,14,8,1,0,39618,1711
350632,carousel,208,15,22,0,0,70970,2963
43005,video,98,11,19,0,0,12729,754
156221,image,101,5,12,0,0,22552,1493
120186,image,211,12,11,1,1,20645,940
115510,image,329,1,22,0,1,20604,966
148532,image,75,13,8,0,1,20862,1440
401165,image,141,15,22,0,0,51834,3514
63787,video,149,3,12,1,1,12010,1001
443233,video,100,6,10,0,1,45473,3286
245659,video,35,2,14,0,1,28458,1340
289956,reel,216,9,7,0,0,61282,2457
364607,reel,339,5,7,0,0,63492,2795
11137,carousel,270,13,6,1,0,7209,384
418204,video,116,0,9,1,0,32966,2797
332333,reel,302,10,6,1,1,65044,3045
35396,reel,247,11,11,1,1,16427,807
399613,carousel,106,1,15,1,1,48812,3209
131148,reel,32,7,23,1,0,32546,1527
335436,image,248,10,12,0,1,47366,1525
47532,video,98,1,7,1,1,10468,687
306462,image,90,7,23,1,0,39685,2424
228099,video,89,5,6,1,1,33550,1898
357644,carousel,71,1,16,0,0,49450,3162
495541,carousel,28,10,20,1,1,63231,4048
58254,reel,203,2,11,1,1,17819,724
40371,reel,347,0,22,0,1,16837,400
469851,carousel,102,5,8,1,1,60084,3396
211384,carousel,41,10,14,1,1,33138,1548
138652,reel,50,13,21,1,0,41751,1448
42581,reel,292,5,19,0,0,20865,696
330410,reel,129,7,8,1,0,62339,2234
288110,image,76,11,7,0,1,35408,2103
281944,reel,327,4,11,0,0,54513,2223
18062,carousel,238,4,21,1,0,9908,687
263704,image,73,7,21,1,0,39695,1350
444453,image,211,10,22,0,0,65380,2292
34802,carousel,200,6,17,0,1,12576,608
434441,video,225,13,21,0,1,55736,3000
364654,video,21,9,23,0,0,43364,3505
212928,reel,159,5,14,1,0,50423,2280
51089,image,258,4,11,0,1,10196,703
215393,carousel,64,0,18,0,0,40380,1584
84487,carousel,46,9,6,0,1,17963,1016
77896,carousel,74,15,10,0,1,19943,1401
379922,carousel,116,15,11,0,1,48389,2527
379689,reel,173,2,20,0,0,81080,3162
364408,carousel,53,0,14,0,0,47177,2978
483362,image,22,9,23,0,0,44100,2293
51268,reel,20,12,19,1,1,15185,918
167905,image,122,9,12,1,1,30449,1453
387193,image,247,4,22,0,1,44644,1841
394318,reel,210,14,15,0,1,66376,2456
410791,carousel,75,15,14,1,0,54652,3618
145433,image,174,11,22,1,1,25759,1242
153549,carousel,149,14,9,1,0,30588,1905
93672,reel,290,8,6,0,1,21902,1136
290804,image,120,15,16,0,1,32140,1937
5636,carousel,139,0,22,1,0,4383,272
203028,reel,149,15,14,1,0,48937,2200
162540,reel,136,1,21,1,1,30557,1306
414101,carousel,222,4,23,0,0,51355,3680
165491,image,93,12,22,1,1,25554,1394
395211,carousel,231,4,18,1,0,58549,2954
52772,video,33,0,9,1,0,12297,785
56175,carousel,66,10,17,0,0,17483,1084
451114,carousel,174,14,10,0,0,68929,3922
315701,carousel,45,8,19,1,0,48544,2911
122669,image,200,2,7,0,1,21468,893
395502,reel,292,11,6,1,0,82828,2938
251027,video,338,2,16,0,0,36582,2116
223349,video,219,3,9,0,1,24563,1616
179426,carousel,65,13,9,1,1,28578,1546
297624,carousel,329,13,6,0,0,49847,2519
90853,video,137,15,21,1,1,21423,1183
266872,video,153,15,21,0,0,43268,2775
43817,carousel,318,9,19,0,0,13014,898
317429,video,140,12,8,1,1,45134,2048
160984,carousel,21,13,17,1,0,26628,1894
27239,image,237,11,6,0,1,9477,389
421043,image,117,11,21,1,1,61727,2903
347165,image,253,8,20,0,0,60164,2153
475865,video,323,11,7,1,1,50820,3152
384150,image,65,2,17,1,1,35509,1705
355291,video,119,13,21,0,1,48665,2442
340999,image,257,5,18,1,1,43405,2189
4589,carousel,31,3,13,0,1,2746,167
238603,video,38,5,16,0,1,27598,1909
61538,image,88,10,20,1,0,16784,842
407381,image,88,6,10,0,0,40601,2793
191326,reel,112,5,22,1,0,45650,1958
393507,video,168,8,16,1,1,44986,2591
35909,video,54,6,19,0,1,8616,571
110821,video,159,5,17,0,1,19046,1070
397956,video,29,9,22,0,0,54880,3461
176537,video,242,2,6,1,0,30194,2059
127365,reel,125,4,9,1,0,32657,1234
361966,carousel,149,11,22,1,1,67444,2446
297185,carousel,144,2,16,0,0,34600,2960
225626,carousel,159,8,7,1,1,42872,2441
396390,reel,143,4,9,1,0,69199,2356
141899,image,27,3,15,1,0,25449,1613
449513,image,259,5,23,0,1,48373,1820
283760,video,255,1,12,1,1,40044,2025
74034,image,154,8,6,1,1,15696,949
482049,image,265,12,17,1,1,52518,1745
171301,video,164,2,23,1,1,22799,1419
105486,image,285,7,13,0,1,22891,929
149025,video,76,13,12,1,0,25612,1665
312214,reel,37,7,17,1,1,52604,2694
52982,carousel,93,13,15,1,1,13244,765
111861,reel,44,10,7,0,1,25369,1158
116419,carousel,306,15,12,1,0,33151,1730
155357,video,37,14,6,0,1,21229,1659
59439,carousel,310,2,23,0,1,11891,887
431981,image,129,13,13,0,1,50149,2250
427143,reel,328,9,22,0,1,66596,3519
447125,carousel,237,3,6,0,0,54727,3358
259331,video,108,3,15,0,1,27349,1994
358592,video,294,9,21,0,1,42915,2842
350451,reel,53,4,13,1,0,54754,2664
360011,reel,24,9,18,0,0,75169,2136
449246,reel,109,7,17,1,0,64853,2119
117319,video,175,1,18,0,1,22004,946
405927,video,277,14,10,0,1,43015,2068
447027,image,223,15,13,1,1,47610,2564
157476,video,51,14,10,0,0,19288,1079
263078,carousel,349,3,18,0,0,50345,2196
229193,reel,197,14,15,1,0,52876,2164
330978,reel,59,11,8,0,0,55966,2678
365771,reel,247,4,11,0,1,69006,2912
351718,video,127,9,10,0,0,43353,3250
351536,reel,256,12,22,0,0,82478,3468
486787,carousel,170,10,21,1,0,76013,4198
370394,carousel,87,7,21,0,0,60919,3252
145733,carousel,319,11,10,1,1,35362,1270
188220,reel,239,8,17,0,1,40368,1829
151759,image,201,11,8,0,1,22546,1039
395593,image,245,12,12,1,0,54736,2121
446283,image,77,13,16,1,1,49878,2057
233759,reel,200,0,12,1,0,32365,2075
248483,reel,120,15,15,0,0,34486,2337
493674,reel,185,14,10,0,0,66676,4012
300689,carousel,326,9,17,1,1,58795,2876
278842,video,311,8,17,1,1,41083,2276
382528,reel,28,12,23,0,0,51018,3136
400345,carousel,82,8,7,0,1,44904,3216
338143,video,274,12,23,0,1,42718,2649
258181,carousel,95,3,10,1,1,35085,2399
394204,reel,186,15,22,1,0,80083,2805
82230,reel,193,9,12,1,0,28266,1342
334745,reel,313,6,9,0,0,54519,3046
375204,carousel,343,6,7,0,1,40841,3334
